{
    "action": {
        "mean": [
            37.34954071044922,
            -6.3619256019592285,
            -32.4951171875,
            -37.23234939575195,
            -8.235496520996094,
            50.63964080810547,
            11.787745475769043,
            -11.909284591674805,
            39.814998626708984,
            24.635456085205078,
            -10.416768074035645,
            43.85341262817383,
            22.327686309814453,
            4.1261982917785645,
            56.957298278808594,
            4.208232879638672,
            -0.6235542297363281,
            -0.522113561630249,
            0.06983401626348495,
            0.3125472068786621,
            -0.5705617666244507,
            0.5965985059738159,
            0.5187804698944092,
            -0.1021096408367157,
            0.16416001319885254
        ],
        "std": [
            16.450572967529297,
            5.959417343139648,
            5.746999263763428,
            2.2499685287475586,
            1.4658150672912598,
            31.894790649414062,
            13.834731101989746,
            1.1745340824127197,
            28.4461612701416,
            18.616119384765625,
            4.426031589508057,
            29.833295822143555,
            17.787330627441406,
            5.8711347579956055,
            28.509790420532227,
            14.109150886535645,
            0.4400102198123932,
            0.2052048295736313,
            0.22805361449718475,
            0.1262943297624588,
            0.18747085332870483,
            0.46445903182029724,
            0.08846675604581833,
            0.10322711616754532,
            0.08863144367933273
        ],
        "min": [
            8.342025756835938,
            -13.18414306640625,
            -40.0,
            -40.0,
            -8.5,
            -0.02681732177734375,
            -10.117195129394531,
            -12.5,
            -4.324418067932129,
            -1.8646011352539062,
            -17.5,
            -7.59405517578125,
            -3.652872085571289,
            -20.545272827148438,
            3.0070114135742188,
            -15.0,
            -0.9964976906776428,
            -0.9605124592781067,
            -0.48393526673316956,
            0.07012183964252472,
            -0.9908124804496765,
            -0.7733453512191772,
            0.32653939723968506,
            -0.26338866353034973,
            0.02982993982732296
        ],
        "max": [
            50.0,
            8.283458709716797,
            -24.338409423828125,
            -32.3580436706543,
            0.9020137786865234,
            80.77196502685547,
            29.280906677246094,
            -6.0592498779296875,
            66.51528930664062,
            42.660579681396484,
            -1.4401569366455078,
            70.90119934082031,
            41.288761138916016,
            13.5,
            82.36178588867188,
            24.12813949584961,
            0.7082789540290833,
            -0.04874759167432785,
            0.41612881422042847,
            0.5819923281669617,
            -0.06467121094465256,
            0.9819467663764954,
            0.613048255443573,
            0.08339715749025345,
            0.311481773853302
        ],
        "q01": [
            10.017806396484374,
            -12.619351959228515,
            -40.0,
            -40.0,
            -8.5,
            1.2568775558471679,
            -9.170119094848634,
            -12.5,
            -4.086601581573486,
            -1.3691724586486815,
            -16.693595008850096,
            -6.818126754760742,
            -3.3248079681396483,
            -12.358771724700928,
            5.233866920471192,
            -15.0,
            -0.9954586029052734,
            -0.9592462182044983,
            -0.47834932804107666,
            0.07082509249448776,
            -0.9887019395828247,
            -0.7694219982624054,
            0.33060866594314575,
            -0.2624310255050659,
            0.029966067522764206
        ],
        "q99": [
            50.0,
            7.514539031982422,
            -24.87095687866211,
            -33.0713801574707,
            0.6034738540649416,
            80.10560409545899,
            27.085189361572265,
            -7.079851608276367,
            64.55070236206055,
            41.99202133178711,
            -1.9959526062011712,
            70.2432176208496,
            39.99807571411133,
            13.229845962524415,
            82.17767623901368,
            21.627978820800784,
            0.7039142727851868,
            -0.0723939761519432,
            0.40868961811065674,
            0.571297824382782,
            -0.08687805384397507,
            0.9800223708152771,
            0.6116051077842712,
            0.08154180720448498,
            0.3108322024345398
        ]
    },
    "observation.state": {
        "mean": [
            37.382789611816406,
            -6.378813743591309,
            -32.49233627319336,
            -37.23218536376953,
            -8.24421215057373,
            50.699493408203125,
            11.799040794372559,
            -11.916213989257812,
            39.8758430480957,
            24.653711318969727,
            -10.433094024658203,
            43.918128967285156,
            22.34941291809082,
            4.116600036621094,
            57.00537872314453,
            4.243617057800293,
            -0.6235542893409729,
            -0.522113561630249,
            0.06983403116464615,
            0.3125471770763397,
            -0.5705617666244507,
            0.5965985059738159,
            0.5187804698944092,
            -0.1021096333861351,
            0.16415999829769135
        ],
        "std": [
            16.422977447509766,
            5.9451494216918945,
            5.743984699249268,
            2.2497715950012207,
            1.4391379356384277,
            31.85170555114746,
            13.826510429382324,
            1.1589468717575073,
            28.41238021850586,
            18.599637985229492,
            4.424211502075195,
            29.786680221557617,
            17.769235610961914,
            5.9041032791137695,
            28.456308364868164,
            14.10207462310791,
            0.4400102198123932,
            0.2052048295736313,
            0.22805361449718475,
            0.12629440426826477,
            0.18747085332870483,
            0.46445900201797485,
            0.08846675604581833,
            0.10322712361812592,
            0.08863145112991333
        ],
        "min": [
            8.458877563476562,
            -13.18414306640625,
            -40.0,
            -40.0,
            -8.5,
            -0.02681732177734375,
            -10.117195129394531,
            -12.5,
            -4.324418067932129,
            -1.8646011352539062,
            -17.5,
            -7.586195945739746,
            -3.652872085571289,
            -20.54935646057129,
            3.0254173278808594,
            -15.0,
            -0.9964976906776428,
            -0.9605124592781067,
            -0.48393526673316956,
            0.07012183964252472,
            -0.9908124804496765,
            -0.7733453512191772,
            0.32653939723968506,
            -0.26338866353034973,
            0.02982993982732296
        ],