{
    "action": {
        "mean": [
            0.06657414883375168,
            -0.46226775646209717,
            0.3476756513118744,
            1.1151682138442993,
            -0.3459697365760803,
            0.31508252024650574
        ],
        "std": [
            0.4645196199417114,
            0.5025641918182373,
            0.285508930683136,
            0.17082056403160095,
            0.36304304003715515,
            0.28609123826026917
        ],
        "min": [
            -0.7426279783248901,
            -1.322614312171936,
            -1.356370210647583,
            0.6965973377227783,
            -1.2397592067718506,
            -0.004603066015988588
        ],
        "max": [
            0.951300323009491,
            1.1369572877883911,
            0.848498523235321,
            1.7614400386810303,
            0.41274160146713257,
            0.8745825886726379
        ],
        "q01": [
            -0.5937955379486084,
            -1.1998659372329712,
            -0.4833219349384308,
            0.7487654089927673,
            -1.0909266471862793,
            -0.0030687106773257256
        ],
        "q99": [
            0.9068040251731873,
            0.5950844132900185,
            0.7748494744300842,
            1.591126561164856,
            0.31064559936523306,
            0.7970362496376024
        ]
    },
    "observation.state": {
        "mean": [
            0.06676295399665833,
            -0.46176931262016296,
            0.3476521670818329,
            1.1146429777145386,
            -0.3455824553966522,
            0.31460556387901306
        ],
        "std": [
            0.4644673764705658,
            0.5022140145301819,
            0.2855360805988312,
            0.17069897055625916,
            0.36335045099258423,
            0.2858140170574188
        ],
        "min": [
            -0.7426279783248901,
            -1.322614312171936,
            -1.356370210647583,
            0.6965973377227783,
            -1.2397592067718506,
            -0.004603066015988588
        ],
        "max": [
            0.951300323009491,
            1.1369572877883911,
            0.848498523235321,
            1.7614400386810303,
            0.41274160146713257,
            0.8745825886726379
        ],
        "q01": [
            -0.5937955379486084,
            -1.1990373921394348,
            -0.4833219349384308,
            0.7487654089927673,
            -1.0909266471862793,
            -0.0030687106773257256
        ],
        "q99": [
            0.9068040251731873,
            0.5950844132900185,
            0.7748494744300842,
            1.591126561164856,
            0.31064559936523306,
            0.796330451965332
        ]
    },
    "timestamp": {
        "mean": [
            4.052297115325928
        ],
        "std": [
            2.3802342414855957
        ],
        "min": [
            0.0
        ],
        "max": [
            10.199999809265137
        ],
        "q01": [
            0.06666667014360428
        ],
        "q99": [
            8.600000381469727
        ]
    },
    "task_index": {
        "mean": [
            0.0
        ],
        "std": [
            0.0
        ],
        "min": [
            0.0
        ],
        "max": [
            0.0
        ],
        "q01": [
            0.0
        ],
        "q99": [
            0.0
        ]
    },
    "episode_index": {
        "mean": [
            46.98860549926758
        ],
        "std": [
            27.028718948364258
        ],
        "min": [
            0.0
        ],
        "max": [
            92.0
        ],
        "q01": [
            0.0
        ],
        "q99": [
            92.0
        ]
    },
    "frame_index": {
        "mean": [
            121.56892395019531
        ],
        "std": [
            71.40702819824219
        ],
        "min": [
            0.0
        ],
        "max": [
            306.0
        ],
        "q01": [
            2.0
        ],
        "q99": [
            258.0
        ]
    },
    "index": {
        "mean": [
            11277.0
        ],
        "std": [
            6511.06787109375
        ],
        "min": [
            0.0
        ],
        "max": [
            22554.0
        ],
        "q01": [
            225.54
        ],
        "q99": [
            22328.46
        ]
    }
}